{"cameraMode":{"drawMode":0,"name":"Shaded","section":"Shading Mode"},"sceneLighting":true,"audioPlay":false,"sceneViewState":{"showFog":true,"showMaterialUpdate":false,"showSkybox":true,"showFlares":true,"showImageEffects":true,"showParticleSystems":true},"in2DMode":false,"pivot":{"x":-13.389331817626954,"y":21.847070693969728,"z":98.56646728515625},"rotation":{"x":0.2351660132408142,"y":0.17669977247714997,"z":-0.043520212173461917,"w":0.9547670483589172},"size":25.640806198120118,"orthographic":true}