{"cameraMode":{"drawMode":0,"name":"Shaded","section":"Shading Mode"},"sceneLighting":true,"audioPlay":false,"sceneViewState":{"showFog":true,"showMaterialUpdate":false,"showSkybox":true,"showFlares":true,"showImageEffects":true,"showParticleSystems":true},"in2DMode":false,"pivot":{"x":-21.409997940063478,"y":29.579999923706056,"z":107.0999984741211},"rotation":{"x":-0.32980024814605715,"y":0.16036482155323029,"z":-0.060976386070251468,"w":-0.92833012342453},"size":5.952849864959717,"orthographic":true}