{"cameraMode":{"drawMode":0,"name":"Shaded","section":"Shading Mode"},"sceneLighting":true,"audioPlay":false,"sceneViewState":{"showFog":true,"showMaterialUpdate":false,"showSkybox":true,"showFlares":true,"showImageEffects":true,"showParticleSystems":true},"in2DMode":false,"pivot":{"x":0.38770848512649538,"y":0.22670769691467286,"z":-0.10572671890258789},"rotation":{"x":0.2810553014278412,"y":0.025907881557941438,"z":-0.007589651271700859,"w":0.9593117833137512},"size":6.166317939758301,"orthographic":true}