{"cameraMode":{"drawMode":0,"name":"Shaded","section":"Shading Mode"},"sceneLighting":true,"audioPlay":false,"sceneViewState":{"showFog":true,"showMaterialUpdate":false,"showSkybox":true,"showFlares":true,"showImageEffects":true,"showParticleSystems":true},"in2DMode":false,"pivot":{"x":-21.409997940063478,"y":29.579999923706056,"z":107.0999984741211},"rotation":{"x":-0.3537924587726593,"y":-0.191742941737175,"z":0.07024509459733963,"w":-0.9127601981163025},"size":5.684971809387207,"orthographic":true}