{"cameraMode":{"drawMode":0,"name":"Shaded","section":"Shading Mode"},"sceneLighting":true,"audioPlay":false,"sceneViewState":{"showFog":true,"showMaterialUpdate":false,"showSkybox":true,"showFlares":true,"showImageEffects":true,"showParticleSystems":true},"in2DMode":false,"pivot":{"x":-7.099999904632568,"y":15.799999237060547,"z":63.900001525878909},"rotation":{"x":-0.33204925060272219,"y":0.6187586188316345,"z":-0.323967844247818,"w":-0.6339763402938843},"size":14.09862232208252,"orthographic":true}