{"cameraMode":{"drawMode":0,"name":"Shaded","section":"Shading Mode"},"sceneLighting":true,"audioPlay":false,"sceneViewState":{"showFog":true,"showMaterialUpdate":false,"showSkybox":true,"showFlares":true,"showImageEffects":true,"showParticleSystems":true},"in2DMode":false,"pivot":{"x":-21.409997940063478,"y":29.579999923706056,"z":107.0999984741211},"rotation":{"x":-0.3451663553714752,"y":0.15795105695724488,"z":-0.06309821456670761,"w":-0.923000693321228},"size":5.684971809387207,"orthographic":true}