{"cameraMode":{"drawMode":0,"name":"Shaded","section":"Shading Mode"},"sceneLighting":true,"audioPlay":false,"sceneViewState":{"showFog":true,"showMaterialUpdate":false,"showSkybox":true,"showFlares":true,"showImageEffects":true,"showParticleSystems":true},"in2DMode":false,"pivot":{"x":-10.359999656677246,"y":4.119999885559082,"z":14.829999923706055},"rotation":{"x":-0.28232336044311526,"y":0.16882866621017457,"z":-0.05109614133834839,"w":-0.9429632425308228},"size":12.360664367675782,"orthographic":true}