{"cameraMode":{"drawMode":0,"name":"Shaded","section":"Shading Mode"},"sceneLighting":true,"audioPlay":false,"sceneViewState":{"showFog":true,"showMaterialUpdate":false,"showSkybox":true,"showFlares":true,"showImageEffects":true,"showParticleSystems":true},"in2DMode":false,"pivot":{"x":-13.652231216430664,"y":1.0123558044433594,"z":0.6652746796607971},"rotation":{"x":0.6972137689590454,"y":-0.02041996642947197,"z":0.019875943660736085,"w":0.7162971496582031},"size":13.460700035095215,"orthographic":false}