{"cameraMode":{"drawMode":0,"name":"Shaded","section":"Shading Mode"},"sceneLighting":true,"audioPlay":false,"sceneViewState":{"showFog":true,"showMaterialUpdate":false,"showSkybox":true,"showFlares":true,"showImageEffects":true,"showParticleSystems":true},"in2DMode":false,"pivot":{"x":-0.0009317398071289063,"y":1.3984837532043458,"z":-0.01066569983959198},"rotation":{"x":-0.3177005350589752,"y":0.02092321403324604,"z":-0.007615384180098772,"w":-0.9479296803474426},"size":4.195050239562988,"orthographic":true}