{"cameraMode":{"drawMode":0,"name":"Shaded","section":"Shading Mode"},"sceneLighting":true,"audioPlay":false,"sceneViewState":{"showFog":true,"showMaterialUpdate":false,"showSkybox":true,"showFlares":true,"showImageEffects":true,"showParticleSystems":true},"in2DMode":false,"pivot":{"x":0.0007783174514770508,"y":1.4859358072280884,"z":-0.04345649480819702},"rotation":{"x":-0.254043847322464,"y":-0.06415634602308274,"z":0.016298413276672365,"w":-0.9649248719215393},"size":3.328399181365967,"orthographic":true}