{"cameraMode":{"drawMode":0,"name":"Shaded","section":"Shading Mode"},"sceneLighting":true,"audioPlay":false,"sceneViewState":{"showFog":true,"showMaterialUpdate":false,"showSkybox":true,"showFlares":true,"showImageEffects":true,"showParticleSystems":true},"in2DMode":false,"pivot":{"x":0.0007783174514770508,"y":1.4859358072280884,"z":-0.04345649480819702},"rotation":{"x":-0.2180284857749939,"y":-0.032558318227529529,"z":0.006691694725304842,"w":-0.9753762483596802},"size":2.9404101371765138,"orthographic":true}