{"cameraMode":{"drawMode":0,"name":"Shaded","section":"Shading Mode"},"sceneLighting":true,"audioPlay":false,"sceneViewState":{"showFog":true,"showMaterialUpdate":false,"showSkybox":true,"showFlares":true,"showImageEffects":true,"showParticleSystems":true},"in2DMode":false,"pivot":{"x":-21.84000015258789,"y":32.93000030517578,"z":103.41000366210938},"rotation":{"x":-0.22195573151111604,"y":0.3673836588859558,"z":-0.09138469398021698,"w":-0.8985620737075806},"size":82.39701080322266,"orthographic":true}