{"cameraMode":{"drawMode":0,"name":"Shaded","section":"Shading Mode"},"sceneLighting":true,"audioPlay":false,"sceneViewState":{"showFog":true,"showMaterialUpdate":false,"showSkybox":true,"showFlares":true,"showImageEffects":true,"showParticleSystems":true},"in2DMode":false,"pivot":{"x":-2.646900177001953,"y":4.519250869750977,"z":14.572904586791993},"rotation":{"x":0.32060688734054568,"y":0.014067004434764386,"z":-0.004122031852602959,"w":0.9470989108085632},"size":816.1181640625,"orthographic":true}