{"cameraMode":{"drawMode":0,"name":"Shaded","section":"Shading Mode"},"sceneLighting":true,"audioPlay":false,"sceneViewState":{"showFog":true,"showMaterialUpdate":false,"showSkybox":true,"showFlares":true,"showImageEffects":true,"showParticleSystems":true},"in2DMode":false,"pivot":{"x":-0.6775007247924805,"y":17.334613800048829,"z":53.597496032714847},"rotation":{"x":0.054564736783504489,"y":0.031240057200193406,"z":0.0011353854788467289,"w":-0.9980207681655884},"size":23.014266967773439,"orthographic":true}