{"cameraMode":{"drawMode":0,"name":"Shaded","section":"Shading Mode"},"sceneLighting":false,"audioPlay":false,"sceneViewState":{"showFog":true,"showMaterialUpdate":false,"showSkybox":false,"showFlares":true,"showImageEffects":true,"showParticleSystems":true},"in2DMode":false,"pivot":{"x":9.470000267028809,"y":3.6999998092651369,"z":9.419636726379395},"rotation":{"x":-0.15360984206199647,"y":0.8359131217002869,"z":-0.29334357380867007,"w":-0.43772459030151369},"size":16.16663360595703,"orthographic":true}