{"cameraMode":{"drawMode":0,"name":"Shaded","section":"Shading Mode"},"sceneLighting":true,"audioPlay":false,"sceneViewState":{"showFog":true,"showMaterialUpdate":false,"showSkybox":true,"showFlares":true,"showImageEffects":true,"showParticleSystems":true},"in2DMode":false,"pivot":{"x":151.7137451171875,"y":94.62750244140625,"z":0.0},"rotation":{"x":-0.08627545088529587,"y":-0.02718379721045494,"z":0.0017811214784160257,"w":-0.9958988428115845},"size":349.2525634765625,"orthographic":true}