{"cameraMode":{"drawMode":0,"name":"Shaded","section":"Shading Mode"},"sceneLighting":true,"audioPlay":false,"sceneViewState":{"showFog":true,"showMaterialUpdate":false,"showSkybox":true,"showFlares":true,"showImageEffects":true,"showParticleSystems":true},"in2DMode":false,"pivot":{"x":151.7137451171875,"y":94.62750244140625,"z":0.0},"rotation":{"x":-0.23250213265419007,"y":0.11457069218158722,"z":-0.028184236958622934,"w":-0.9654128551483154},"size":151.33177185058595,"orthographic":true}