{"cameraMode":{"drawMode":0,"name":"Shaded","section":"Shading Mode"},"sceneLighting":true,"audioPlay":false,"sceneViewState":{"showFog":true,"showMaterialUpdate":false,"showSkybox":true,"showFlares":true,"showImageEffects":true,"showParticleSystems":true},"in2DMode":false,"pivot":{"x":-18.63250160217285,"y":12.54640007019043,"z":319.030029296875},"rotation":{"x":-0.07003675401210785,"y":0.9101485013961792,"z":-0.17210809886455537,"w":-0.3702746033668518},"size":40.516624450683597,"orthographic":true}