{"cameraMode":{"drawMode":0,"name":"Shaded","section":"Shading Mode"},"sceneLighting":true,"audioPlay":false,"sceneViewState":{"showFog":true,"showMaterialUpdate":false,"showSkybox":true,"showFlares":true,"showImageEffects":true,"showParticleSystems":true},"in2DMode":false,"pivot":{"x":-21.732595443725587,"y":32.86641311645508,"z":107.09709930419922},"rotation":{"x":0.24547792971134187,"y":-0.11743166297674179,"z":0.030001794919371606,"w":0.9617953896522522},"size":8.095619201660157,"orthographic":true}