{"cameraMode":{"drawMode":0,"name":"Shaded","section":"Shading Mode"},"sceneLighting":true,"audioPlay":false,"sceneViewState":{"showFog":true,"showMaterialUpdate":false,"showSkybox":true,"showFlares":true,"showImageEffects":true,"showParticleSystems":true},"in2DMode":false,"pivot":{"x":-2.6997811794281008,"y":1.0535000562667847,"z":-3.539501428604126},"rotation":{"x":0.1280420869588852,"y":0.09563826024532318,"z":-0.012417268939316273,"w":0.9870686531066895},"size":12.323662757873536,"orthographic":true}