{"cameraMode":{"drawMode":0,"name":"Shaded","section":"Shading Mode"},"sceneLighting":true,"audioPlay":false,"sceneViewState":{"showFog":true,"showMaterialUpdate":false,"showSkybox":true,"showFlares":true,"showImageEffects":true,"showParticleSystems":true},"in2DMode":false,"pivot":{"x":16.35226821899414,"y":0.21399939060211183,"z":10.97689437866211},"rotation":{"x":-0.3828999698162079,"y":-0.575996458530426,"z":0.34809383749961855,"w":-0.632808268070221},"size":25.108158111572267,"orthographic":true}