{"cameraMode":{"drawMode":0,"name":"Shaded","section":"Shading Mode"},"sceneLighting":true,"audioPlay":false,"sceneViewState":{"showFog":true,"showMaterialUpdate":false,"showSkybox":true,"showFlares":true,"showImageEffects":true,"showParticleSystems":true},"in2DMode":false,"pivot":{"x":-2.437279224395752,"y":6.64870548248291,"z":111.02271270751953},"rotation":{"x":-0.03345172479748726,"y":0.8948457837104797,"z":-0.06804706901311875,"w":-0.4398881793022156},"size":57.98793411254883,"orthographic":true}